"fitted","normalized_residual","dataset_id","condition","model"
0.0092862745554046,0.0269022214973547,"D001","C2","gradient_boosted_trees"
0.00467654442879902,-0.235922344856319,"D001","C2","gradient_boosted_trees"
0.00140309912908178,-0.123849851073692,"D001","C2","gradient_boosted_trees"
-0.00259397861212474,0.213155856512825,"D001","C3","gradient_boosted_trees"
-0.00410924914313403,-0.00533669353951552,"D001","C3","gradient_boosted_trees"
-0.00518526770849522,0.206848183174174,"D001","C3","gradient_boosted_trees"
0.00308944625909348,0.03892418821607,"D001","C4","gradient_boosted_trees"
-0.004060245154788,-0.0583690761386778,"D001","C4","gradient_boosted_trees"
-0.00913735880578451,0.165125246470499,"D001","C4","gradient_boosted_trees"
0.0297531557408939,-0.271802876486094,"D001","C5","gradient_boosted_trees"
0.0331284935231893,-0.990251828965402,"D001","C5","gradient_boosted_trees"
0.0355253764848713,-1.02698724080337,"D001","C5","gradient_boosted_trees"
0.00621522588180034,-0.207962936522759,"D001","C2","logistic_regression"
0.00160549575519476,-0.109248700147634,"D001","C2","logistic_regression"
-0.00166794954452248,0.0401863601752116,"D001","C2","logistic_regression"
0.00023628969859537,-0.0571847543447304,"D001","C3","logistic_regression"
-0.00127898083241392,-0.0057165890090087,"D001","C3","logistic_regression"
-0.00235499939777511,0.0430136742202115,"D001","C3","logistic_regression"
0.00873478666639393,-0.66851578555561,"D001","C4","logistic_regression"
0.00158509525251244,-0.240400248328405,"D001","C4","logistic_regression"
-0.00349201839848406,-0.0479234970606453,"D001","C4","logistic_regression"
-0.0204443608146953,0.760427604660027,"D001","C5","logistic_regression"
-0.0170690230323998,0.644282245413904,"D001","C5","logistic_regression"
-0.0146721400707178,0.518267216695401,"D001","C5","logistic_regression"
0.00263965998908111,0.0860911046937096,"D001","C2","random_forest"
-0.00197007013752447,0.114989562269396,"D001","C2","random_forest"
-0.00524351543724171,0.174870128213553,"D001","C2","random_forest"
-0.00526271027729955,0.37523858189983,"D001","C3","random_forest"
-0.00677798080830884,0.322850373583351,"D001","C3","random_forest"
-0.00785399937367003,0.308829589383415,"D001","C3","random_forest"
-0.00076446568950616,0.166927880530341,"D001","C4","random_forest"
-0.00791415710338765,0.235216523798719,"D001","C4","random_forest"
-0.0129912707543842,0.366623127919643,"D001","C4","random_forest"
0.0186237803014179,-0.142489025079541,"D001","C5","random_forest"
0.0219991180837134,-0.554816375461424,"D001","C5","random_forest"
0.0243960010453954,-0.624218191448374,"D001","C5","random_forest"
0.00181417441320627,-0.0662674688791922,"D002","C2","gradient_boosted_trees"
-0.00280889907613174,0.0889041733990168,"D002","C2","gradient_boosted_trees"
-0.00608902191756463,0.218198201347516,"D002","C2","gradient_boosted_trees"
-0.00693121825837907,0.229178886459292,"D002","C3","gradient_boosted_trees"
-0.00845087490392819,0.299013138611741,"D002","C3","gradient_boosted_trees"
-0.00952908845292257,0.304760037077056,"D002","C3","gradient_boosted_trees"
0.00571447420373229,-0.187992098443504,"D002","C4","gradient_boosted_trees"
-0.00145591276571107,-0.0259572831676387,"D002","C4","gradient_boosted_trees"
-0.00654338328389046,0.194898516581477,"D002","C4","gradient_boosted_trees"
0.0378412576076613,-1.2510307978521,"D002","C5","gradient_boosted_trees"
0.0412263656704583,-1.35436874886219,"D002","C5","gradient_boosted_trees"
0.0436281380634577,-1.45598722560222,"D002","C5","gradient_boosted_trees"
-0.00125687426039799,0.0388736872160172,"D002","C2","logistic_regression"
-0.005879947749736,0.206839660488988,"D002","C2","logistic_regression"
-0.00916007059116889,0.310713486192456,"D002","C2","logistic_regression"
-0.00410094994765896,0.122678850217461,"D002","C3","logistic_regression"
-0.00562060659320808,0.20010210282012,"D002","C3","logistic_regression"
-0.00669882014220245,0.224911353538215,"D002","C3","logistic_regression"
0.0113598146110327,-0.412539520198909,"D002","C4","logistic_regression"
0.00418942764158938,-0.126553274767142,"D002","C4","logistic_regression"
-0.000898042876590007,0.0168912954318748,"D002","C4","logistic_regression"
-0.0123562589479279,0.40085190564618,"D002","C5","logistic_regression"
-0.0089711508851308,0.252720195899889,"D002","C5","logistic_regression"
-0.00656937849213143,0.221931617368665,"D002","C5","logistic_regression"
-0.00483244015311723,0.129098570130871,"D002","C2","random_forest"
-0.00945551364245524,0.296919065982889,"D002","C2","random_forest"
-0.0127356364838881,0.431969584732943,"D002","C2","random_forest"
-0.00959994992355387,0.280321529283165,"D002","C3","random_forest"
-0.011119606569103,0.395836686677003,"D002","C3","random_forest"
-0.0121978201180974,0.419653765182821,"D002","C3","random_forest"
0.00186056225513264,-0.0528022982204902,"D002","C4","random_forest"
-0.00530982471431071,0.190042792135113,"D002","C4","random_forest"
-0.0103972952324901,0.35216347817047,"D002","C4","random_forest"
0.0267118821681853,-0.886310675897159,"D002","C5","random_forest"
0.0300969902309824,-0.986619110185914,"D002","C5","random_forest"
0.0324987626239818,-1.08617632313645,"D002","C5","random_forest"
0.0277941488686024,0.379985898826016,"D003","C2","gradient_boosted_trees"
0.0231840542106642,-0.803532682384702,"D003","C2","gradient_boosted_trees"
0.0199494739776134,-0.505119044829431,"D003","C2","gradient_boosted_trees"
0.00982732810939882,0.548442691303285,"D003","C3","gradient_boosted_trees"
0.00831193775280956,-1.33197945060701,"D003","C3","gradient_boosted_trees"
0.00724869457528843,0.325733801920818,"D003","C3","gradient_boosted_trees"
0.0176183669630776,0.854425062607251,"D003","C4","gradient_boosted_trees"
0.0104681101611002,-0.753720607827457,"D003","C4","gradient_boosted_trees"
0.00545127622839808,-0.0449691374122602,"D003","C4","gradient_boosted_trees"
0.0918280244494263,1.3340732604747,"D003","C5","gradient_boosted_trees"
0.0952036291489481,1.0472973579301,"D003","C5","gradient_boosted_trees"
0.0975720543214911,2.19238496851354,"D003","C5","gradient_boosted_trees"
0.0247231001949981,0.228489803427968,"D003","C2","logistic_regression"
0.0201130055370599,-0.577804032444173,"D003","C2","logistic_regression"
0.0168784253040091,-0.33843788077052,"D003","C2","logistic_regression"
0.0126575964201189,0.267482369062028,"D003","C3","logistic_regression"
0.0111422060635297,-0.302420740264212,"D003","C3","logistic_regression"
0.0100789628860085,-0.273201900185176,"D003","C3","logistic_regression"
0.023263707370378,0.638260888635595,"D003","C4","logistic_regression"
0.0161134505684006,-0.126899160839383,"D003","C4","logistic_regression"
0.0110966166356985,-0.209137303208317,"D003","C4","logistic_regression"
0.0416305078938371,0.277863141926695,"D003","C5","logistic_regression"
0.045006112593359,-1.18831200983976,"D003","C5","logistic_regression"
0.047374537765902,-1.18340241317884,"D003","C5","logistic_regression"
0.0211475343022789,-0.597295613787238,"D003","C2","random_forest"
0.0165374396443407,-0.182188368104958,"D003","C2","random_forest"
0.0133028594112899,-0.456320930331518,"D003","C2","random_forest"
0.00715859644422401,-0.00558923078606992,"D003","C3","random_forest"
0.00564320608763475,-0.347413262404381,"D003","C3","random_forest"
0.00457996291011362,-0.326210126074642,"D003","C3","random_forest"
0.0137644550144779,0.114090814135349,"D003","C4","random_forest"
0.00661419821250052,0.152443881289127,"D003","C4","random_forest"
0.00159736427979843,0.1879974312745,"D003","C4","random_forest"
0.0806986490099503,0.696351658007222,"D003","C5","random_forest"
0.0840742537094722,0.663485985457945,"D003","C5","random_forest"
0.0864426788820152,1.04431706110706,"D003","C5","random_forest"
0.0193134824901729,-0.169915032935055,"D005","C2","gradient_boosted_trees"
0.0160709277293622,-0.0663922415131951,"D005","C2","gradient_boosted_trees"
0.00730267785815088,-0.132576679680232,"D005","C3","gradient_boosted_trees"
0.00623681336298609,-0.446907890137865,"D005","C3","gradient_boosted_trees"
0.0135666131238261,0.319348501933244,"D005","C4","gradient_boosted_trees"
0.00853741069858992,-0.35802077100147,"D005","C4","gradient_boosted_trees"
0.0102392591345379,0.387798707340742,"D005","C5","gradient_boosted_trees"
0.0126135234178541,-0.310315097491831,"D005","C5","gradient_boosted_trees"
0.0162424338165687,-0.641662391454161,"D005","C2","logistic_regression"
0.0129998790557579,-0.0120494369598537,"D005","C2","logistic_regression"
0.010132946168871,-0.356633405298071,"D005","C3","logistic_regression"
0.0090670816737062,-0.043865564854036,"D005","C3","logistic_regression"
0.0192119535311266,-0.562518044429595,"D005","C4","logistic_regression"
0.0141827511058904,-0.331712614309168,"D005","C4","logistic_regression"
-0.0399582574210513,1.59234593642556,"D005","C5","logistic_regression"
-0.037583993137735,1.67971592248125,"D005","C5","logistic_regression"
0.0126668679238494,0.0684343480508175,"D005","C2","random_forest"
0.00942431316303868,-0.0720303704860641,"D005","C2","random_forest"
0.00463394619297608,0.0537371518624581,"D005","C3","random_forest"
0.00356808169781128,-0.2712227551066,"D005","C3","random_forest"
0.00971270117522648,0.146837674883394,"D005","C4","random_forest"
0.00468349874999028,-0.343664057330636,"D005","C4","random_forest"
-0.000890116304938071,0.45081537887936,"D005","C5","random_forest"
0.0014841479783782,0.184072400141131,"D005","C5","random_forest"
0.0250650211420978,0.639532564617749,"D006","C2","gradient_boosted_trees"
0.0221628965246672,-0.271644023233785,"D006","C2","gradient_boosted_trees"
0.00302893261981566,-0.323181626393984,"D006","C3","gradient_boosted_trees"
0.00207497137060316,-0.614898589632144,"D006","C3","gradient_boosted_trees"
0.0180390789579296,0.0905068493986436,"D006","C4","gradient_boosted_trees"
0.0135378836841542,0.762365840316731,"D006","C4","gradient_boosted_trees"
0.105787593318421,-1.46252641669245,"D006","C5","gradient_boosted_trees"
0.107912587754344,-1.18887655869845,"D006","C5","gradient_boosted_trees"
0.0219939724684935,1.6763416332366,"D006","C2","logistic_regression"
0.0190918478510629,0.401878154174855,"D006","C2","logistic_regression"
0.00585920093053577,0.132980300231342,"D006","C3","logistic_regression"
0.00490523968132328,-0.310956614361255,"D006","C3","logistic_regression"
0.0236844193652301,0.815906297565108,"D006","C4","logistic_regression"
0.0191832240914546,0.255828893735094,"D006","C4","logistic_regression"
0.0555900767628323,0.190293320860418,"D006","C5","logistic_regression"
0.0577150711987552,-0.393912607787295,"D006","C5","logistic_regression"
0.0184184065757743,-0.019807658407922,"D006","C2","random_forest"
0.0155162819583437,0.79782519935775,"D006","C2","random_forest"
0.000360200954640852,-0.277974658466109,"D006","C3","random_forest"
-0.000593760294571642,-0.148531314707862,"D006","C3","random_forest"
0.01418516700933,0.11374921763787,"D006","C4","random_forest"
0.00968397173555453,0.359817700338833,"D006","C4","random_forest"
0.0946582178789455,-0.652966049874515,"D006","C5","random_forest"
0.0967832123148684,-0.359675242966653,"D006","C5","random_forest"
0.0209503021677775,-0.345699034276601,"D009","C2","gradient_boosted_trees"
0.0135170716148611,-0.638072234598884,"D009","C3","gradient_boosted_trees"
0.0158925333026369,-0.916083903717855,"D009","C4","gradient_boosted_trees"
0.212603522501158,6.99116418576319,"D009","C5","gradient_boosted_trees"
0.0178792534941732,-1.1212922516248,"D009","C2","logistic_regression"
0.0163473399255812,-0.267988896516275,"D009","C3","logistic_regression"
0.0215378737099373,1.95128520908547,"D009","C4","logistic_regression"
0.162406005945569,-2.92962560134513,"D009","C5","logistic_regression"
0.014303687601454,-1.59385788445711,"D009","C2","random_forest"
0.0108483399496863,-1.76727771743383,"D009","C3","random_forest"
0.0120386213540372,-1.35597593387856,"D009","C4","random_forest"
0.201474147061682,3.82118290630819,"D009","C5","random_forest"
-0.013816040011511,0.437822767567223,"D010","C2","gradient_boosted_trees"
-0.0170961628529439,0.840022369838574,"D010","C2","gradient_boosted_trees"
-0.0345115397444933,1.20871724344362,"D010","C3","gradient_boosted_trees"
-0.0355897532934877,0.905968221950523,"D010","C3","gradient_boosted_trees"
-0.0280257382023504,-0.541590614946268,"D010","C4","gradient_boosted_trees"
-0.0331132087205298,-0.226201234031223,"D010","C4","gradient_boosted_trees"
0.120471366052406,-3.46593141603955,"D010","C5","gradient_boosted_trees"
0.122873138445405,-3.49445033146783,"D010","C5","gradient_boosted_trees"
-0.0168870886851153,1.00419367205474,"D010","C2","logistic_regression"
-0.0201672115265481,0.742340431388634,"D010","C2","logistic_regression"
-0.0316812714337732,1.17822944553789,"D010","C3","logistic_regression"
-0.0327594849827676,1.05140974509308,"D010","C3","logistic_regression"
-0.02238039779505,0.97700142788214,"D010","C4","logistic_regression"
-0.0274678683132294,0.615032250411435,"D010","C4","logistic_regression"
0.0702738494968166,-1.76958906012699,"D010","C5","logistic_regression"
0.0726756218898159,-2.04406565340212,"D010","C5","logistic_regression"
-0.0204626545778345,0.588871760807175,"D010","C2","random_forest"
-0.0237427774192674,1.03626354672024,"D010","C2","random_forest"
-0.0371802714096681,0.948156410437028,"D010","C3","random_forest"
-0.0382584849586625,1.23964596523456,"D010","C3","random_forest"
-0.0318796501509501,-0.21711999144181,"D010","C4","random_forest"
-0.0369671206691295,0.14295262039542,"D010","C4","random_forest"
0.10934199061293,-3.18569113826413,"D010","C5","random_forest"
0.111743763005929,-3.0563581183025,"D010","C5","random_forest"
0.00167539314808705,-0.0941587938570876,"D011","C2","gradient_boosted_trees"
-0.00347589608072875,-0.0888350676710017,"D011","C2","gradient_boosted_trees"
-0.00645548929913502,0.080253650353929,"D011","C2","gradient_boosted_trees"
-0.00516166733248573,0.156431469452069,"D011","C3","gradient_boosted_trees"
-0.00685495447744878,-0.0913907044806754,"D011","C3","gradient_boosted_trees"
-0.00783438053369184,0.173464111853952,"D011","C3","gradient_boosted_trees"
-0.00838220967578261,0.351051675763239,"D011","C4","gradient_boosted_trees"
-0.0163718592557255,0.284011884468847,"D011","C4","gradient_boosted_trees"
-0.0209932083294045,-0.0568627974636862,"D011","C4","gradient_boosted_trees"
0.0240739474857702,-0.575575841736953,"D011","C5","gradient_boosted_trees"
0.027845825813571,-1.24254279288317,"D011","C5","gradient_boosted_trees"
0.0300275443284819,-1.33569826447627,"D011","C5","gradient_boosted_trees"
-0.00139565552551721,0.266799144928717,"D011","C2","logistic_regression"
-0.00654694475433301,0.307013881456742,"D011","C2","logistic_regression"
-0.00952653797273928,0.27624361060736,"D011","C2","logistic_regression"
-0.00233139902176561,0.22176734471346,"D011","C3","logistic_regression"
-0.00402468616672867,0.154608430899584,"D011","C3","logistic_regression"
-0.00500411222297173,0.152436518565177,"D011","C3","logistic_regression"
-0.00273686926848216,-0.367915464270326,"D011","C4","logistic_regression"
-0.0107265188484251,-0.557628256857169,"D011","C4","logistic_regression"
-0.0153478679221041,-0.492703357762645,"D011","C4","logistic_regression"
-0.0261235690698189,0.989820142418466,"D011","C5","logistic_regression"
-0.0223516907420182,0.735514664434464,"D011","C5","logistic_regression"
-0.0201699722271073,0.719253587834506,"D011","C5","logistic_regression"
-0.00497122141823644,0.211718555951011,"D011","C2","random_forest"
-0.0101225106470522,0.0556344029988359,"D011","C2","random_forest"
-0.0131021038654585,0.144276224816827,"D011","C2","random_forest"
-0.00783039899766053,0.148021896449752,"D011","C3","random_forest"
-0.00952368614262359,-0.112690043428426,"D011","C3","random_forest"
-0.0105031121988666,0.138928690177875,"D011","C3","random_forest"
-0.0122361216243823,0.249681176191486,"D011","C4","random_forest"
-0.0202257712043252,-0.0886107748796127,"D011","C4","random_forest"
-0.0248471202780042,-0.217478579020546,"D011","C4","random_forest"
0.0129445720462943,-0.121699449938295,"D011","C5","random_forest"
0.016716450374095,-0.728524108660345,"D011","C5","random_forest"
0.0188981688890059,-0.630486958995703,"D011","C5","random_forest"
0.0153312675294423,-0.470720067032187,"D013","C2","gradient_boosted_trees"
0.0103869924573496,0.0574869704594128,"D013","C2","gradient_boosted_trees"
0.0067505311728326,0.0222146120616654,"D013","C2","gradient_boosted_trees"
0.00121690052637844,-0.507316734838468,"D013","C3","gradient_boosted_trees"
-0.000408338719343438,0.285235250432587,"D013","C3","gradient_boosted_trees"
-0.00160368475267887,0.218942124098874,"D013","C3","gradient_boosted_trees"
0.00862954233631317,-0.765509087863995,"D013","C4","gradient_boosted_trees"
0.000960971712887181,0.15003167089097,"D013","C4","gradient_boosted_trees"
-0.00467917972955071,0.380951690587567,"D013","C4","gradient_boosted_trees"
0.0338735393393476,-0.241278576500907,"D013","C5","gradient_boosted_trees"
0.0374938377079172,-0.211615403279639,"D013","C5","gradient_boosted_trees"
0.0401565283276224,-0.137154079117709,"D013","C5","gradient_boosted_trees"
0.012260218855838,-0.595114794229533,"D013","C2","logistic_regression"
0.00731594378374536,-0.283548712341732,"D013","C2","logistic_regression"
0.00367948249922834,-0.152608966986777,"D013","C2","logistic_regression"
0.00404716883709855,-0.145427003860015,"D013","C3","logistic_regression"
0.00242192959137668,-0.56188620042598,"D013","C3","logistic_regression"
0.00122658355804124,-0.153248207151221,"D013","C3","logistic_regression"
0.0142748827436136,0.369220968020206,"D013","C4","logistic_regression"
0.00660631212018763,-0.315110545332168,"D013","C4","logistic_regression"
0.000966160677749742,0.00630134256878933,"D013","C4","logistic_regression"
-0.0163239772162415,1.16112323429462,"D013","C5","logistic_regression"
-0.012703678847672,0.666841461559106,"D013","C5","logistic_regression"
-0.0100409882279668,0.56041290388962,"D013","C5","logistic_regression"
0.00868465296311881,-0.632650483986961,"D013","C2","random_forest"
0.00374037789102613,0.360544861676686,"D013","C2","random_forest"
0.000103916606509106,0.318432483805236,"D013","C2","random_forest"
-0.00145183113879637,0.0460575333158479,"D013","C3","random_forest"
-0.00307707038451824,0.197168693071868,"D013","C3","random_forest"
-0.00427241641785368,0.0765543156717874,"D013","C3","random_forest"
0.00477563038771352,-0.749773673857422,"D013","C4","random_forest"
-0.00289294023571247,-0.34060497231667,"D013","C4","random_forest"
-0.00853309167815035,0.118687159287948,"D013","C4","random_forest"
0.0227441638998717,0.740606879798554,"D013","C5","random_forest"
0.0263644622684412,0.893345432571574,"D013","C5","random_forest"
0.0290271528881464,-0.442703673763656,"D013","C5","random_forest"
0.0143473851557649,-0.387465622072197,"D014","C2","gradient_boosted_trees"
0.00971112265147616,0.0853555518718823,"D014","C2","gradient_boosted_trees"
0.00645409060777314,0.0409945629115676,"D014","C2","gradient_boosted_trees"
0.0104450455386094,-0.398781961172805,"D014","C3","gradient_boosted_trees"
0.00892105351438533,-0.250770668459605,"D014","C3","gradient_boosted_trees"
0.00785043017227436,-0.286083378726112,"D014","C3","gradient_boosted_trees"
0.00346861641930921,-0.272172554051355,"D014","C4","gradient_boosted_trees"
-0.00372222671228703,0.331066564246493,"D014","C4","gradient_boosted_trees"
-0.00877388340324993,0.392845317902025,"D014","C4","gradient_boosted_trees"
0.0168623452195434,-0.715903432845676,"D014","C5","gradient_boosted_trees"
0.0202571105462695,0.46765788795816,"D014","C5","gradient_boosted_trees"
0.0226419753893993,-0.21220565453023,"D014","C5","gradient_boosted_trees"
0.0112763364821606,-0.920411811709707,"D014","C2","logistic_regression"
0.00664007397787189,-0.118154308526151,"D014","C2","logistic_regression"
0.00338304193416888,-0.0914559647126483,"D014","C2","logistic_regression"
0.0132753138493295,-0.515200571901025,"D014","C3","logistic_regression"
0.0117513218251054,-0.433950405119457,"D014","C3","logistic_regression"
0.0106806984829945,-0.259450662406607,"D014","C3","logistic_regression"
0.00911395682660966,-0.507739845792112,"D014","C4","logistic_regression"
0.00192311369501342,-0.0616886299400266,"D014","C4","logistic_regression"
-0.00312854299594948,0.199691133996771,"D014","C4","logistic_regression"
-0.0333351713360458,1.11041870210914,"D014","C5","logistic_regression"
-0.0299404060093196,1.20362009323036,"D014","C5","logistic_regression"
-0.0275555411661898,1.07710193767608,"D014","C5","logistic_regression"
0.00770077058944141,-0.40245467523956,"D014","C2","random_forest"
0.00306450808515266,0.60949167903217,"D014","C2","random_forest"
-0.000192523958550354,0.19394042049111,"D014","C2","random_forest"
0.00777631387343455,-0.0115010097465445,"D014","C3","random_forest"
0.00625232184921053,0.0451844233390429,"D014","C3","random_forest"
0.00518169850709955,0.00501757491801585,"D014","C3","random_forest"
-0.000385295529290439,-0.218192287432206,"D014","C4","random_forest"
-0.00757613866088667,0.684090967525432,"D014","C4","random_forest"
-0.0126277953518496,0.440411628923321,"D014","C4","random_forest"
0.00573296978006742,-0.0865895334397901,"D014","C5","random_forest"
0.0091277351067936,0.87264832805715,"D014","C5","random_forest"
0.0115125999499234,0.176244937173136,"D014","C5","random_forest"
0.0407197477966974,-2.61807754082795,"D015","C2","gradient_boosted_trees"
0.037455786406806,-1.14117463151475,"D015","C2","gradient_boosted_trees"
0.0195964473366054,-1.52983720596949,"D015","C3","gradient_boosted_trees"
0.0185235462398776,-0.485448185025582,"D015","C3","gradient_boosted_trees"
0.0288273900953327,-2.43535296348593,"D015","C4","gradient_boosted_trees"
0.0237649859884505,-1.00490755971986,"D015","C4","gradient_boosted_trees"
0.156698176079676,2.16781305528929,"D015","C5","gradient_boosted_trees"
0.159088114730459,6.24733447885546,"D015","C5","gradient_boosted_trees"
0.0376486991230931,-0.371047483379698,"D015","C2","logistic_regression"
0.0343847377332017,-0.0295292807630609,"D015","C2","logistic_regression"
0.0224267156473255,-0.399036917538053,"D015","C3","logistic_regression"
0.0213538145505977,-0.0583483829806843,"D015","C3","logistic_regression"
0.0344727305026332,0.228053140411405,"D015","C4","logistic_regression"
0.0294103263957509,-0.577958226336105,"D015","C4","logistic_regression"
0.106500659524087,0.669937072130095,"D015","C5","logistic_regression"
0.10889059817487,1.21268555623424,"D015","C5","logistic_regression"
0.0340731332303739,-1.24280293409887,"D015","C2","random_forest"
0.0308091718404825,-0.774930730041196,"D015","C2","random_forest"
0.0169277156714306,-1.04287652437414,"D015","C3","random_forest"
0.0158548145747027,-0.834603243314937,"D015","C3","random_forest"
0.0249734781467331,0.317393836016546,"D015","C4","random_forest"
0.0199110740398508,-1.74010657966304,"D015","C4","random_forest"
0.1455688006402,3.67002610123223,"D015","C5","random_forest"
0.147958739290983,4.86874338108619,"D015","C5","random_forest"
0.0338549465786625,2.76176901248097,"D016","C2","gradient_boosted_trees"
0.0305996374622648,0.389885049340653,"D016","C2","gradient_boosted_trees"
0.0100689259018488,0.882064217828754,"D016","C3","gradient_boosted_trees"
0.00899886890546771,-0.58523701552671,"D016","C3","gradient_boosted_trees"
0.0218082097390904,2.47237589507629,"D016","C4","gradient_boosted_trees"
0.0167592253083736,-0.125248345537501,"D016","C4","gradient_boosted_trees"
0.112148095240964,3.91640775233362,"D016","C5","gradient_boosted_trees"
0.114531698521818,-1.33376251673385,"D016","C5","gradient_boosted_trees"
0.0307838979050582,0.173493770784144,"D016","C2","logistic_regression"
0.0275285887886606,-0.866259967130163,"D016","C2","logistic_regression"
0.012899194212569,0.630413180837896,"D016","C3","logistic_regression"
0.0118291372161878,-0.441761263495365,"D016","C3","logistic_regression"
0.0274535501463909,0.726355421305542,"D016","C4","logistic_regression"
0.022404565715674,-1.14707264681846,"D016","C4","logistic_regression"
0.0619505786853746,-0.60028760530689,"D016","C5","logistic_regression"
0.0643341819662284,-1.74907287402679,"D016","C5","logistic_regression"
0.027208332012339,-0.173502343982421,"D016","C2","random_forest"
0.0239530228959414,-0.559767571873653,"D016","C2","random_forest"
0.00740019423667404,-0.799131091740871,"D016","C3","random_forest"
0.0063301372402929,-0.301607594367783,"D016","C3","random_forest"
0.0179542977904908,0.501118198941047,"D016","C4","random_forest"
0.0129053133597739,-0.485761730480625,"D016","C4","random_forest"
0.101018719801488,-0.580546099043268,"D016","C5","random_forest"
0.103402323082342,-1.40157409130739,"D016","C5","random_forest"
0.00412691345031627,0.360972114045611,"D019","C2","gradient_boosted_trees"
-0.000496160039021733,0.287262824642385,"D019","C2","gradient_boosted_trees"
-0.00377628288045462,0.440040505670308,"D019","C2","gradient_boosted_trees"
-0.000409409265223483,0.15823105239446,"D019","C3","gradient_boosted_trees"
-0.0019290659107726,0.5836051974269,"D019","C3","gradient_boosted_trees"
-0.00300727945976698,0.143049509063718,"D019","C3","gradient_boosted_trees"
-0.00196949433527779,0.0799045725364368,"D019","C4","gradient_boosted_trees"
-0.00913988130472113,-0.0049028625286527,"D019","C4","gradient_boosted_trees"
-0.0142273518229005,0.142600587541545,"D019","C4","gradient_boosted_trees"
0.135019296704106,-0.175994985571231,"D019","C5","gradient_boosted_trees"
0.138404404766903,0.337054443422995,"D019","C5","gradient_boosted_trees"
0.140806177159902,-0.124087939275929,"D019","C5","gradient_boosted_trees"
0.00105586477671201,0.198591264969776,"D019","C2","logistic_regression"
-0.00356720871262599,0.390809556328315,"D019","C2","logistic_regression"
-0.00684733155405888,0.0135055571920959,"D019","C2","logistic_regression"
0.00242085904549663,-0.19634647420374,"D019","C3","logistic_regression"
0.000901202399947509,0.0744395854071216,"D019","C3","logistic_regression"
-0.000177011149046868,-0.0227095255565233,"D019","C3","logistic_regression"
0.00367584607202266,-0.0724565711107645,"D019","C4","logistic_regression"
-0.00349454089742068,0.252087569467415,"D019","C4","logistic_regression"
-0.00858201141560008,-0.0657174109705598,"D019","C4","logistic_regression"
0.0848217801485167,-1.37924263766532,"D019","C5","logistic_regression"
0.0882068882113138,-1.24407015762661,"D019","C5","logistic_regression"
0.0906086606043132,-1.95177201662449,"D019","C5","logistic_regression"
-0.00251970111600723,0.362945975525607,"D019","C2","random_forest"
-0.00714277460534523,0.239791622573789,"D019","C2","random_forest"
-0.0104228974467781,0.331710600122183,"D019","C2","random_forest"
-0.00307814093039829,-0.118624661844508,"D019","C3","random_forest"
-0.00459779757594741,0.173938376403584,"D019","C3","random_forest"
-0.00567601112494179,0.12399681506953,"D019","C3","random_forest"
-0.00582340628387743,0.0309230575775329,"D019","C4","random_forest"
-0.0129937932533208,0.309618526838682,"D019","C4","random_forest"
-0.0180812637715002,0.380504297661825,"D019","C4","random_forest"
0.12388992126463,-0.103820329163508,"D019","C5","random_forest"
0.127275029327427,0.158577876771698,"D019","C5","random_forest"
0.129676801720426,-0.0831088767190476,"D019","C5","random_forest"
0.00736327566036175,0.148026367434183,"D020","C2","gradient_boosted_trees"
0.00407322517167253,0.0831440285911875,"D020","C2","gradient_boosted_trees"
-0.00997141540656409,0.551598848040476,"D020","C3","gradient_boosted_trees"
-0.0110528922857137,0.233379177743961,"D020","C3","gradient_boosted_trees"
-0.00175826196476125,0.289323613667868,"D020","C4","gradient_boosted_trees"
-0.00686113026380833,0.478103219132132,"D020","C4","gradient_boosted_trees"
0.0689018915697795,-1.35527281138215,"D020","C5","gradient_boosted_trees"
0.0713109331872136,-1.15536526058667,"D020","C5","gradient_boosted_trees"
0.00429222698675749,0.073234981504624,"D020","C2","logistic_regression"
0.00100217649806827,0.0870402635762365,"D020","C2","logistic_regression"
-0.00714114709584398,0.102216649303315,"D020","C3","logistic_regression"
-0.00822262397499362,0.248644529024511,"D020","C3","logistic_regression"
0.0038870784425392,-0.152644421221796,"D020","C4","logistic_regression"
-0.00121578985650788,-0.0070810134074997,"D020","C4","logistic_regression"
0.0187043750141904,-0.209457560968559,"D020","C5","logistic_regression"
0.0211134166316245,-0.00261826529000438,"D020","C5","logistic_regression"
0.000716661094038258,0.201089286971174,"D020","C2","random_forest"
-0.00257338939465096,-0.0472994201263835,"D020","C2","random_forest"
-0.0126401470717389,0.563066619223596,"D020","C3","random_forest"
-0.0137216239508885,0.503048242612148,"D020","C3","random_forest"
-0.00561217391336089,0.0125495166215748,"D020","C4","random_forest"
-0.010715042212408,0.236249370427478,"D020","C4","random_forest"
0.0577725161303036,-1.12544564355623,"D020","C5","random_forest"
0.0601815577477377,-1.40059931138767,"D020","C5","random_forest"
