display_index,dataset_name,uci_dataset_id,dataset_doi,access_date,source_url,raw_archive_sha256,official_page_snapshot_sha256
Dataset 01,Breast Cancer Wisconsin Diagnostic,17,10.24432/C5DW2B,2026-09-10,https://archive.ics.uci.edu/static/public/17/breast+cancer+wisconsin+diagnostic.zip,bc154869ef13f753f9e2b5a17e248cfe1ba4b6721db7c4da9f4880e40b05d3af,83aeec181b6b7100170c965576c179ecdeaf0479d4b9117ad744c90642197065
Dataset 02,Chronic Kidney Disease,336,10.24432/C5G020,2026-09-10,https://archive.ics.uci.edu/static/public/336/chronic+kidney+disease.zip,3f0d0e5bab0f453165acfa2c77eae695393089c5b338cb4cd98339c96a26a585,dde7c4209a1362ef0b5a145e31435acefaef1f37a4209228e92dce440365d04a
Dataset 03,ILPD Indian Liver Patient,225,10.24432/C5D02C,2026-09-10,https://archive.ics.uci.edu/static/public/225/ilpd+indian+liver+patient+dataset.zip,60e18fbfe7f84daf58c178ea280ba5fe8db7e2507aabce01b57425b3b822cf0b,c9d9196dd008f98dbfc42d3d81bac62d396bea0cc2ffb111be2fe9c403d7e767
Dataset 04,Heart Disease Cleveland,45,10.24432/C52P4X,2026-09-10,https://archive.ics.uci.edu/static/public/45/heart+disease.zip,b17cd273da9ce1caa4710fce80227ea454d4dbf9fcbc8e6a9121672751563adc,5d64cdcf3291b53f8585fe31ea331b3c7fa2d4811fcdabce45dc7e6e3ec35793
Dataset 05,SPECT Heart,95,10.24432/C5P304,2026-09-10,https://archive.ics.uci.edu/static/public/95/spect+heart.zip,0df4ab4903ce89626df28e9f8436d84399a68bc45d6d16a4c1f0dd53028449fa,8de1d94bd2821aff4bdc6fe4fb75a26401ad9f1e415483916b8727d6244c883b
Dataset 06,Cervical Cancer Risk Factors,383,10.24432/C5Z310,2026-09-10,https://archive.ics.uci.edu/static/public/383/cervical+cancer+risk+factors.zip,d86f38fbb1f4c40c22c240127875d7a83a2f96238f7ed5a388e2277cfb79a742,07f595cfafca515f3155db0f87e56a57db98ca921eb3c226a90c77f1e72b723e
Dataset 07,HCV Data,571,10.24432/C5D612,2026-09-10,https://archive.ics.uci.edu/static/public/571/hcv+data.zip,0fafa2c4ae94db98b95f35cd41e9f4cedbd1e105282ab0cd7b5ed3effe5a05d8,3ba68eee8539cacfbbaca0c61dc4384d4b71267bba055737422a06f66bf2bb4c
Dataset 08,Mammographic Mass,161,10.24432/C53K6Z,2026-09-10,https://archive.ics.uci.edu/static/public/161/mammographic+mass.zip,4c5158166aa7f1503e14d95be4c95fe66a734474f614441ede226314b93db6e7,bee64b721078dd6f557877b79e70194558683d3996cf42aea9b12539480fded9
Dataset 09,Early Stage Diabetes Risk Prediction,529,10.24432/C5VG8H,2026-09-10,https://archive.ics.uci.edu/static/public/529/early+stage+diabetes+risk+prediction+dataset.zip,67594c0f11257688b57493798e70737b7156ba37a2e6ac75507ae3a35221a388,56e31a7b0d030ad9fe694f5dd5c2dd7f59f7bad210d7ba347d193f569d7634ab
Dataset 10,Diabetic Retinopathy Debrecen,329,10.24432/C5XP4P,2026-09-10,https://archive.ics.uci.edu/static/public/329/diabetic+retinopathy+debrecen.zip,64ee2dbaffc69dab77cc0fb7458fa93cb21a20f15938cafacdc195a5e2226b2c,87e4e17eacf9e57cc2d25878454518246ea3d690f00b8b7cd7e0607c472b5413
Dataset 11,Thoracic Surgery Data,277,10.24432/C5Z60N,2026-09-10,https://archive.ics.uci.edu/static/public/277/thoracic+surgery+data.zip,b0e39b9301dff4e38333eedc500d647d0b68870cec1d4edf02b1c05c0bdf7786,605f19228aef4eaaca7c815b62b363816a2ba460bb9f8bd83b4b04e0468ceca8
Dataset 12,Haberman's Survival,43,10.24432/C5XK51,2026-09-10,https://archive.ics.uci.edu/static/public/43/haberman+s+survival.zip,1001bac29022350e279b064003c426c8ed60f4d76ab4916fb05baf886c8e3ac7,30d6a7eb9fddb6a8b51dedebe8a51656ecfb708177fa9431163e73902b3e3e99
Dataset 13,Myocardial Infarction Complications,579,10.24432/C53P5M,2026-09-10,https://archive.ics.uci.edu/static/public/579/myocardial+infarction+complications.zip,4747a35d12dbb475bda34041ce8045920dbf02fc04d6732d47d9279f29e88f8d,8989afb626e920ea608edd39f5dc0eb26833e209d953d7c4645ae817287cc3af
Dataset 14,Differentiated Thyroid Cancer Recurrence,915,10.24432/C5632J,2026-09-10,https://archive.ics.uci.edu/static/public/915/differentiated+thyroid+cancer+recurrence.zip,66007e38af856f439fc5e8d1bfd49db4e3cd963723f0b4d363e61f4bdd7bab11,2d6634039713051ba0b1f9494c8b2418d8aa80ab19f46c6b5db9ba044fbe331c
